{
  "run": 3,
  "elapsed_s": 458.5,
  "success": true,
  "recommended": "Engine-Level Wrapper With Token Extraction",
  "plan_size": 52738,
  "stage_timings": {
    "implementation_check": 1.937000000005355,
    "context": 71.0,
    "architecture_design": 298.81299999999464,
    "roadmap_risk": 84.31200000000536,
    "coherence_check": 2.3910000000032596
  },
  "error": null
}