{
  "run": 2,
  "elapsed_s": 704.8,
  "success": true,
  "recommended": "Instrumented Proxy Wrapper with Context-Aware Aggregation",
  "plan_size": 53711,
  "stage_timings": {
    "implementation_check": 2.0160000000032596,
    "context": 49.73399999999674,
    "architecture_design": 530.3120000000054,
    "roadmap_risk": 120.26600000000326,
    "coherence_check": 2.3910000000032596
  },
  "error": null
}