{
  "run": 3,
  "elapsed_s": 549.1,
  "success": true,
  "recommended": "Wrapper-Based Instrumentation",
  "plan_size": 79983,
  "stage_timings": {
    "agent_gathering": 14.73399999999674,
    "implementation_check": 3.1410000000032596,
    "context": 44.01600000000326,
    "architecture_design": 356.81200000000536,
    "roadmap_risk": 127.5,
    "coherence_check": 2.7660000000032596
  },
  "error": null
}