{
  "run": 1,
  "elapsed_s": 572.9,
  "success": true,
  "recommended": "Extend Base Protocols with Structured Responses",
  "plan_size": 85551,
  "stage_timings": {
    "agent_gathering": 8.5,
    "implementation_check": 4.1710000000020955,
    "context": 57.219000000011874,
    "architecture_design": 433.2969999999914,
    "roadmap_risk": 66.40599999998813,
    "coherence_check": 3.2660000000032596
  },
  "error": null
}