{
  "run": 4,
  "elapsed_s": 467.5,
  "success": true,
  "recommended": "Enhanced Provider Wrapping with Context Tracking",
  "plan_size": 54924,
  "stage_timings": {
    "agent_gathering": 6.60899999999674,
    "implementation_check": 2.5160000000032596,
    "context": 108.03099999998813,
    "architecture_design": 246.90600000001723,
    "roadmap_risk": 100.25,
    "coherence_check": 3.1089999999967404
  },
  "error": null
}